{
  "mAP@0.5": 0.14314010058519244,
  "mAP@0.5:0.95": 0.14314010058519244,
  "precision": -1.0,
  "recall": 0.2250670605561205
}